{"cameraMode":{"drawMode":0,"name":"Shaded","section":"Shading Mode"},"sceneLighting":true,"audioPlay":false,"sceneViewState":{"m_AlwaysRefresh":false,"showFog":true,"showSkybox":true,"showFlares":true,"showImageEffects":true,"showParticleSystems":true,"showVisualEffectGraphs":true,"m_FxEnabled":true},"in2DMode":false,"pivot":{"x":1094.8775634765625,"y":1052.2764892578125,"z":-351.5843200683594},"rotation":{"x":0.10747023671865463,"y":0.015506448224186898,"z":0.00167632766533643,"w":-0.9940928220748901},"size":227.37689208984376,"orthographic":false}